<?xml version="1.0" encoding="UTF-8"?>
<java version="1.8.0_261" class="java.beans.XMLDecoder">
 <object class="java.util.ArrayList">
  <void method="add">
   <object class="Rello.User" id="User0">
    <void class="Rello.User" method="getField">
     <string>Username</string>
     <void method="set">
      <object idref="User0"/>
      <string>gus</string>
     </void>
    </void>
    <void class="Rello.User" method="getField">
     <string>Password</string>
     <void method="set">
      <object idref="User0"/>
      <string>crow</string>
     </void>
    </void>
   </object>
  </void>
  <void method="add">
   <object class="Rello.User" id="User1">
    <void class="Rello.User" method="getField">
     <string>Username</string>
     <void method="set">
      <object idref="User1"/>
      <string>josh</string>
     </void>
    </void>
    <void class="Rello.User" method="getField">
     <string>Password</string>
     <void method="set">
      <object idref="User1"/>
      <string>west</string>
     </void>
    </void>
   </object>
  </void>
 </object>
<void class="Rello.Board" method="getField">
 <string>Name</string>
 <void method="set">
  <object class="Rello.Board" id="Board0">
   <void class="Rello.Board" method="getField">
    <string>Owner</string>
    <void method="set">
     <object idref="Board0"/>
     <object class="Rello.User" id="User2">
      <void class="Rello.User" method="getField">
       <string>Username</string>
       <void method="set">
        <object idref="User2"/>
        <string>gus</string>
       </void>
      </void>
      <void class="Rello.User" method="getField">
       <string>Password</string>
       <void method="set">
        <object idref="User2"/>
        <string>crow</string>
       </void>
      </void>
     </object>
    </void>
   </void>
   <void class="Rello.Board" method="getField">
    <string>board_id</string>
    <void method="set">
     <object idref="Board0"/>
     <int>22</int>
    </void>
   </void>
  </object>
  <string>gusBoard</string>
 </void>
</void>
<void class="Rello.Board" method="getField">
 <string>Name</string>
 <void method="set">
  <object class="Rello.Board" id="Board1">
   <void class="Rello.Board" method="getField">
    <string>Owner</string>
    <void method="set">
     <object idref="Board1"/>
     <object idref="User2"/>
    </void>
   </void>
   <void class="Rello.Board" method="getField">
    <string>board_id</string>
    <void method="set">
     <object idref="Board1"/>
     <int>32</int>
    </void>
   </void>
  </object>
  <string>testboard</string>
 </void>
</void>
<void class="Rello.List" id="List0">
 <void property="board">
  <object idref="Board0"/>
 </void>
 <void id="ArrayList0" property="cards">
  <void method="add">
   <object class="Rello.Card" id="Card0">
    <void class="Rello.Card" method="getField">
     <string>Name</string>
     <void method="set">
      <object idref="Card0"/>
      <string>card1</string>
     </void>
    </void>
    <void class="Rello.Card" method="getField">
     <string>board</string>
     <void method="set">
      <object idref="Card0"/>
      <object idref="Board0"/>
     </void>
    </void>
   </object>
  </void>
 </void>
 <void property="name">
  <string>list1</string>
 </void>
</void>
<void idref="ArrayList0"/>
<void class="Rello.Board" method="getField">
 <string>Name</string>
 <void method="set">
  <object class="Rello.Board" id="Board2">
   <void class="Rello.Board" method="getField">
    <string>Owner</string>
    <void method="set">
     <object idref="Board2"/>
     <object idref="User0"/>
    </void>
   </void>
   <void class="Rello.Board" method="getField">
    <string>board_id</string>
    <void method="set">
     <object idref="Board2"/>
     <int>65</int>
    </void>
   </void>
  </object>
  <string>addboard</string>
 </void>
</void>
<void class="Rello.Board" method="getField">
 <string>Name</string>
 <void method="set">
  <object class="Rello.Board" id="Board3">
   <void class="Rello.Board" method="getField">
    <string>Owner</string>
    <void method="set">
     <object idref="Board3"/>
     <object idref="User2"/>
    </void>
   </void>
   <void class="Rello.Board" method="getField">
    <string>board_id</string>
    <void method="set">
     <object idref="Board3"/>
     <int>3</int>
    </void>
   </void>
  </object>
  <string>gusboard</string>
 </void>
</void>
<void class="Rello.User" id="Field0" method="getField">
 <string>Boards</string>
 <void id="HashMap0" method="get">
  <object idref="User2"/>
  <void method="put">
   <string>gusboard</string>
   <object idref="Board3"/>
  </void>
  <void method="put">
   <string>addboard</string>
   <object class="Rello.Board" id="Board4">
    <void class="Rello.Board" method="getField">
     <string>Name</string>
     <void method="set">
      <object idref="Board4"/>
      <string>addboard</string>
     </void>
    </void>
    <void class="Rello.Board" method="getField">
     <string>Owner</string>
     <void method="set">
      <object idref="Board4"/>
      <object idref="User2"/>
     </void>
    </void>
    <void class="Rello.Board" method="getField">
     <string>board_id</string>
     <void method="set">
      <object idref="Board4"/>
      <int>65</int>
     </void>
    </void>
   </object>
  </void>
  <void method="put">
   <string>testboard</string>
   <object idref="Board1"/>
  </void>
 </void>
</void>
<void idref="HashMap0"/>
<void class="Rello.Board" id="Field1" method="getField">
 <string>Members</string>
 <void id="HashMap1" method="get">
  <object idref="Board0"/>
  <void method="put">
   <string>josh</string>
   <object idref="User1"/>
  </void>
 </void>
</void>
<void idref="HashMap1"/>
<void class="Rello.Board" method="getField">
 <string>Name</string>
 <void method="set">
  <object class="Rello.Board" id="Board5">
   <void class="Rello.Board" method="getField">
    <string>Owner</string>
    <void method="set">
     <object idref="Board5"/>
     <object idref="User0"/>
    </void>
   </void>
   <void class="Rello.Board" method="getField">
    <string>board_id</string>
    <void method="set">
     <object idref="Board5"/>
     <int>32</int>
    </void>
   </void>
  </object>
  <string>testboard</string>
 </void>
</void>
<void class="Rello.Board" method="getField">
 <string>Name</string>
 <void method="set">
  <object class="Rello.Board" id="Board6">
   <void class="Rello.Board" method="getField">
    <string>Owner</string>
    <void method="set">
     <object idref="Board6"/>
     <object idref="User0"/>
    </void>
   </void>
   <void class="Rello.Board" method="getField">
    <string>board_id</string>
    <void method="set">
     <object idref="Board6"/>
     <int>3</int>
    </void>
   </void>
  </object>
  <string>gusboard</string>
 </void>
</void>
<void class="Rello.Board" id="Field2" method="getField">
 <string>Lists</string>
 <void id="ArrayList1" method="get">
  <object idref="Board0"/>
  <void method="add">
   <object idref="List0"/>
  </void>
 </void>
</void>
<void idref="ArrayList1"/>
<void class="Rello.User" id="Field3" method="getField">
 <string>Boards</string>
 <void id="HashMap2" method="get">
  <object idref="User0"/>
  <void method="put">
   <string>gusboard</string>
   <object idref="Board6"/>
  </void>
  <void method="put">
   <string>addboard</string>
   <object idref="Board2"/>
  </void>
  <void method="put">
   <string>testboard</string>
   <object idref="Board5"/>
  </void>
 </void>
</void>
<void idref="HashMap2"/>
<void class="Rello.List" id="List1">
 <void property="name">
  <string>testList</string>
 </void>
 <void property="board">
  <object idref="Board5"/>
 </void>
</void>
<void class="Rello.User" id="Field4" method="getField">
 <string>Boards</string>
 <void id="HashMap3" method="get">
  <object idref="User1"/>
  <void method="put">
   <string>gusBoard</string>
   <object idref="Board0"/>
  </void>
 </void>
</void>
<void idref="HashMap3"/>
<void class="Rello.Board" id="Field5" method="getField">
 <string>Lists</string>
 <void id="ArrayList2" method="get">
  <object idref="Board5"/>
  <void method="add">
   <object idref="List1"/>
  </void>
 </void>
</void>
<void idref="ArrayList2"/>
</java>
